{"options":{"awareOfChrome":false,"comment":null,"compat_arrayleft":false,"compat_foreach":false,"compat_forvarin":false,"compat_metadata":false,"compat_uW_gmonkey":false,"compat_wrappedjsobject":false,"compatopts_for_requires":true,"noframes":null,"override":{"merge_connects":true,"merge_excludes":true,"merge_includes":true,"merge_matches":true,"orig_connects":[],"orig_excludes":[],"orig_includes":["http*://yun.baidu.com/share/*","http*://pan.baidu.com/share/*","http*://yun.baidu.com/s/*","http*://pan.baidu.com/s/*","http*://pan.baidu.com/wap/*","http*://yun.baidu.com/wap/*","http*://yun.baidu.com/pcloud/album/*","http*://pan.baidu.com/pcloud/album/*","http*://pan.baidu.com/disk/home*","http*://yun.baidu.com/disk/home*"],"orig_matches":[],"orig_noframes":null,"orig_run_at":"document-start","use_blockers":[],"use_connects":[],"use_excludes":[],"use_includes":[],"use_matches":[]},"run_at":null},"settings":{"enabled":true,"position":6},"meta":{"name":"BaiduPanDownloadHelper modify by ted423","uuid":"79fc7a37-a4d8-4eef-a49b-f024ae999f88","modified":1470352866790,"file_url":"https://greasyfork.org/scripts/7382-baidupandownloadhelper-modify-by-ted423/code/BaiduPanDownloadHelper%20modify%20by%20ted423.user.js"}}