{"options":{"awareOfChrome":false,"comment":null,"compat_arrayleft":false,"compat_foreach":false,"compat_forvarin":false,"compat_metadata":false,"compat_uW_gmonkey":false,"compat_wrappedjsobject":false,"compatopts_for_requires":true,"noframes":null,"override":{"merge_connects":true,"merge_excludes":true,"merge_includes":true,"merge_matches":true,"orig_connects":[],"orig_excludes":["http://www.google.*/search*","https://www.google.*/search*","http://www.google.*/webhp*","https://www.google.*/webhp*","http://music.google.*/*","https://music.google.*/*","http://mail.google.*/*","https://mail.google.*/*","http://docs.google.*/*","https://docs.google.*/*","http://mxr.mozilla.org/*","http://w3c*.github.io/*"],"orig_includes":["http*"],"orig_matches":[],"orig_noframes":null,"orig_run_at":"document-idle","use_blockers":[],"use_connects":[],"use_excludes":[],"use_includes":[],"use_matches":[]},"run_at":null},"settings":{"enabled":true,"position":4},"meta":{"name":"Linkify Plus Plus","uuid":"5e1f9352-6495-47fd-a41f-62cb0809e477","modified":1470325083909,"file_url":"https://greasyfork.org/scripts/4255-linkify-plus-plus/code/Linkify%20Plus%20Plus.user.js"}}