{"options":{"awareOfChrome":false,"comment":null,"compat_arrayleft":false,"compat_foreach":false,"compat_forvarin":false,"compat_metadata":false,"compat_uW_gmonkey":false,"compat_wrappedjsobject":false,"compatopts_for_requires":true,"noframes":null,"override":{"merge_connects":true,"merge_excludes":true,"merge_includes":true,"merge_matches":true,"orig_connects":[],"orig_excludes":[],"orig_includes":["/^.*(thread|forum|diendan).*$/","http://www.vn-zoom.com/*"],"orig_matches":[],"orig_noframes":null,"orig_run_at":"document-idle","use_blockers":[],"use_connects":[],"use_excludes":[],"use_includes":[],"use_matches":[]},"run_at":null},"settings":{"enabled":true,"position":3},"meta":{"name":"Thread Navigating by Arrow keys","uuid":"fc37c87c-492b-4d86-96d7-62ab2cbe1dac","modified":1470325070500,"file_url":"https://openuserjs.org/install/theheroofvn/Thread_Navigating_by_Arrow_keys.user.js"}}